,author,authorData,downloads,gated,id,availableInferenceProviders,lastModified,likes,pipeline_tag,private,repoType,isLikedByUser,widgetOutputUrls,numParameters,sizes,min_size,max_size,trending,mined_date
0,nomic-ai,"{'_id': '641f0267863b87326f467c42', 'avatarUrl': 'https://cdn-avatars.huggingface.co/v1/production/uploads/641f01fe6d51620635e118e9/wy0ax27ok1-uHWoUAHSEs.png', 'fullname': 'Nomic AI', 'name': 'nomic-ai', 'type': 'org', 'isHf': False, 'isHfAdmin': False, 'isMod': False, 'plan': 'team', 'followerCount': 1112, 'isUserFollowing': False}",16338728,False,nomic-ai/nomic-embed-text-v1.5,[],2026-04-07T14:17:02.000Z,823,sentence-similarity,False,model,False,[],136731648.0,547MBxet | 158MBxet | 274MBxet | 137MBxet | 165MBxet | 111MBxet | 137MBxet | 137MBxet,116391936.0,573571072.0,1,15-05-2026
1,mixedbread-ai,"{'_id': '6579b8e83db8c022afd86d63', 'avatarUrl': 'https://cdn-avatars.huggingface.co/v1/production/uploads/643ee0870d1194da249bd7fe/voYdYlFgQH5vyMwyMNluZ.png', 'fullname': 'Mixedbread', 'name': 'mixedbread-ai', 'type': 'org', 'isHf': False, 'isHfAdmin': False, 'isMod': False, 'plan': 'team', 'followerCount': 381, 'isUserFollowing': False}",4575411,False,mixedbread-ai/mxbai-embed-large-v1,"[{'provider': 'hf-inference', 'modelStatus': 'live', 'providerStatus': 'live', 'providerId': 'mixedbread-ai/mxbai-embed-large-v1', 'task': 'feature-extraction', 'isCheapestPricingOutput': False, 'isFastestThroughput': False, 'isModelAuthor': False}]",2026-01-23T11:59:58.000Z,798,feature-extraction,False,model,False,,335141888.0,1.34GBxet | 669MBxet | 337MBxet,353370112.0,1438814044.16,2,15-05-2026
2,jinaai,"{'_id': '63563e0c2d14fcd7d83743cf', 'avatarUrl': 'https://cdn-avatars.huggingface.co/v1/production/uploads/603763514de52ff951d89793/wD54VbAHHyHop3uYlJKl4.png', 'fullname': 'Jina AI', 'name': 'jinaai', 'type': 'org', 'isHf': False, 'isHfAdmin': False, 'isMod': False, 'plan': 'team', 'followerCount': 1834, 'isUserFollowing': False}",100209,False,jinaai/jina-reranker-v1-tiny-en,[],2025-09-10T09:51:37.000Z,27,text-ranking,False,model,False,,33046273.0,132MBxet | 99.9MBxet | 66.3MBxet | 33.4MBxet | 101MBxet | 33.4MBxet | 33.4MBxet,35022438.4,138412032.0,3,15-05-2026
3,Xenova,"{'_id': '61b253b7ac5ecaae3d1efe0c', 'avatarUrl': 'https://cdn-avatars.huggingface.co/v1/production/uploads/61b253b7ac5ecaae3d1efe0c/hwiQ0uvz3t-L5a-NtBIO6.png', 'fullname': 'Joshua', 'name': 'Xenova', 'type': 'user', 'isPro': False, 'isHf': True, 'isHfAdmin': False, 'isMod': False, 'followerCount': 8001, 'isUserFollowing': False}",20095,False,Xenova/jina-embeddings-v2-base-en,[],2025-07-22T16:46:27.000Z,9,feature-extraction,False,model,False,,,547MBxet | 158MBxet | 274MBxet | 137MBxet | 165MBxet | 111MBxet | 138MBxet | 137MBxet,116391936.0,573571072.0,4,15-05-2026
4,jinaai,"{'_id': '63563e0c2d14fcd7d83743cf', 'avatarUrl': 'https://cdn-avatars.huggingface.co/v1/production/uploads/603763514de52ff951d89793/wD54VbAHHyHop3uYlJKl4.png', 'fullname': 'Jina AI', 'name': 'jinaai', 'type': 'org', 'isHf': False, 'isHfAdmin': False, 'isMod': False, 'plan': 'team', 'followerCount': 1834, 'isUserFollowing': False}",389687,False,jinaai/jina-embeddings-v2-base-code,[],2025-01-06T16:28:09.000Z,137,feature-extraction,False,model,False,,160869120.0,642MBxet | 321MBxet | 162MBxet,169869312.0,673185792.0,5,15-05-2026
5,nomic-ai,"{'_id': '641f0267863b87326f467c42', 'avatarUrl': 'https://cdn-avatars.huggingface.co/v1/production/uploads/641f01fe6d51620635e118e9/wy0ax27ok1-uHWoUAHSEs.png', 'fullname': 'Nomic AI', 'name': 'nomic-ai', 'type': 'org', 'isHf': False, 'isHfAdmin': False, 'isMod': False, 'plan': 'team', 'followerCount': 1112, 'isUserFollowing': False}",7332623,False,nomic-ai/nomic-embed-text-v1,[],2026-04-07T14:16:41.000Z,567,sentence-similarity,False,model,False,[],136731648.0,548MBxet | 138MBxet,144703488.0,574619648.0,6,15-05-2026
6,mixedbread-ai,"{'_id': '6579b8e83db8c022afd86d63', 'avatarUrl': 'https://cdn-avatars.huggingface.co/v1/production/uploads/643ee0870d1194da249bd7fe/voYdYlFgQH5vyMwyMNluZ.png', 'fullname': 'Mixedbread', 'name': 'mixedbread-ai', 'type': 'org', 'isHf': False, 'isHfAdmin': False, 'isMod': False, 'plan': 'team', 'followerCount': 381, 'isUserFollowing': False}",168694,False,mixedbread-ai/mxbai-embed-2d-large-v1,"[{'provider': 'hf-inference', 'modelStatus': 'live', 'providerStatus': 'live', 'providerId': 'mixedbread-ai/mxbai-embed-2d-large-v1', 'task': 'feature-extraction', 'isCheapestPricingOutput': False, 'isFastestThroughput': False, 'isModelAuthor': False}]",2025-03-13T04:16:28.000Z,43,feature-extraction,False,model,False,,335141888.0,1.34GBxet | 669MBxet | 337MBxet,353370112.0,1438814044.16,7,15-05-2026
7,Snowflake,"{'_id': '62cece4aa3a23014aca72499', 'avatarUrl': 'https://cdn-avatars.huggingface.co/v1/production/uploads/64dc52cf858f8a41c12fc819/O9-MWzRjWzbNP_DQlMb-7.png', 'fullname': 'Snowflake', 'name': 'Snowflake', 'type': 'org', 'isHf': False, 'isHfAdmin': False, 'isMod': False, 'plan': 'team', 'followerCount': 744, 'isUserFollowing': False}",154492,False,Snowflake/snowflake-arctic-embed-l,"[{'provider': 'hf-inference', 'modelStatus': 'live', 'providerStatus': 'live', 'providerId': 'Snowflake/snowflake-arctic-embed-l', 'task': 'sentence-similarity', 'isCheapestPricingOutput': False, 'isFastestThroughput': False, 'isModelAuthor': False}]",2024-12-19T13:32:48.000Z,101,sentence-similarity,False,model,False,[],334092288.0,1.34GBxet | 299MBxet | 669MBxet | 337MBxet | 318MBxet | 337MBxet | 337MBxet,313524224.0,1438814044.16,8,15-05-2026
8,jinaai,"{'_id': '63563e0c2d14fcd7d83743cf', 'avatarUrl': 'https://cdn-avatars.huggingface.co/v1/production/uploads/603763514de52ff951d89793/wD54VbAHHyHop3uYlJKl4.png', 'fullname': 'Jina AI', 'name': 'jinaai', 'type': 'org', 'isHf': False, 'isHfAdmin': False, 'isMod': False, 'plan': 'team', 'followerCount': 1834, 'isUserFollowing': False}",20294,False,jinaai/jina-reranker-v1-turbo-en,[],2025-09-10T09:50:56.000Z,67,text-ranking,False,model,False,,37771777.0,151MBxet | 103MBxet | 75.8MBxet | 38.3MBxet | 104MBxet | 38.3MBxet | 38.3MBxet,40160460.8,158334976.0,9,15-05-2026
9,Alibaba-NLP,"{'_id': '661f98de142a51d630dbbcc4', 'avatarUrl': 'https://cdn-avatars.huggingface.co/v1/production/uploads/63fc4c00a3c067e62899d32b/dfd_EcIfylvu3sdc2WMqX.png', 'fullname': 'Alibaba-NLP', 'name': 'Alibaba-NLP', 'type': 'org', 'isHf': False, 'isHfAdmin': False, 'isMod': False, 'followerCount': 1575, 'isUserFollowing': False}",1077780,False,Alibaba-NLP/gte-large-en-v1.5,[],2024-08-09T03:32:05.000Z,235,sentence-similarity,False,model,False,[],,1.75GBxet | 361MBxet | 873MBxet | 446MBxet | 387MBxet | 446MBxet | 446MBxet,378535936.0,1879048192.0,10,15-05-2026
10,jinaai,"{'_id': '63563e0c2d14fcd7d83743cf', 'avatarUrl': 'https://cdn-avatars.huggingface.co/v1/production/uploads/603763514de52ff951d89793/wD54VbAHHyHop3uYlJKl4.png', 'fullname': 'Jina AI', 'name': 'jinaai', 'type': 'org', 'isHf': False, 'isHfAdmin': False, 'isMod': False, 'plan': 'team', 'followerCount': 1834, 'isUserFollowing': False}",147564,False,jinaai/jina-clip-v2,[],2026-04-08T14:03:45.000Z,331,feature-extraction,False,model,False,,865278476.0,2.09MBxet | 1.38GBxet | 1.73GBxet | 874MBxet | 1.42GBxet | 861MBxet | 874MBxet | 874MBxet,2191523.84,1857573355.52,11,15-05-2026
11,Snowflake,"{'_id': '62cece4aa3a23014aca72499', 'avatarUrl': 'https://cdn-avatars.huggingface.co/v1/production/uploads/64dc52cf858f8a41c12fc819/O9-MWzRjWzbNP_DQlMb-7.png', 'fullname': 'Snowflake', 'name': 'Snowflake', 'type': 'org', 'isHf': False, 'isHfAdmin': False, 'isMod': False, 'plan': 'team', 'followerCount': 744, 'isUserFollowing': False}",197672,False,Snowflake/snowflake-arctic-embed-m-v2.0,[],2025-04-24T17:37:05.000Z,105,sentence-similarity,False,model,False,,305368320.0,1.23GBxet | 837MBxet | 613MBxet | 311MBxet | 844MBxet | 450MBxet | 311MBxet | 311MBxet,326107136.0,1320702443.52,12,15-05-2026
12,Alibaba-NLP,"{'_id': '661f98de142a51d630dbbcc4', 'avatarUrl': 'https://cdn-avatars.huggingface.co/v1/production/uploads/63fc4c00a3c067e62899d32b/dfd_EcIfylvu3sdc2WMqX.png', 'fullname': 'Alibaba-NLP', 'name': 'Alibaba-NLP', 'type': 'org', 'isHf': False, 'isHfAdmin': False, 'isMod': False, 'followerCount': 1575, 'isUserFollowing': False}",388969,False,Alibaba-NLP/gte-modernbert-base,"[{'provider': 'hf-inference', 'modelStatus': 'live', 'providerStatus': 'live', 'providerId': 'Alibaba-NLP/gte-modernbert-base', 'task': 'sentence-similarity', 'isCheapestPricingOutput': False, 'isFastestThroughput': False, 'isModelAuthor': False}]",2025-07-04T10:03:26.000Z,196,sentence-similarity,False,model,False,[],149014272.0,596MBxet | 217MBxet | 298MBxet | 150MBxet | 224MBxet | 140MBxet | 150MBxet | 150MBxet,146800640.0,624951296.0,13,15-05-2026
13,MongoDB,"{'_id': '65aedc7d308fc2952b2e1ecb', 'avatarUrl': 'https://cdn-avatars.huggingface.co/v1/production/uploads/65ae9f0d22762a684e5c87ad/OevwtsBsDoNbVcEnCa_Al.png', 'fullname': 'MongoDB', 'name': 'MongoDB', 'type': 'org', 'isHf': False, 'isHfAdmin': False, 'isMod': False, 'followerCount': 195, 'isUserFollowing': False}",3813,False,MongoDB/mdbr-leaf-mt,"[{'provider': 'hf-inference', 'modelStatus': 'live', 'providerStatus': 'live', 'providerId': 'MongoDB/mdbr-leaf-mt', 'task': 'feature-extraction', 'isCheapestPricingOutput': False, 'isFastestThroughput': False, 'isModelAuthor': False}]",2025-09-29T23:57:56.000Z,26,feature-extraction,False,model,False,,22565376.0,59.3kBxet | 99.3kBxet | 72.4kBxet | 112kBxet | 220kBxet,60723.2,225280.0,14,15-05-2026
14,onnx-community,"{'_id': '6650b4b7edd332b9444083a4', 'avatarUrl': 'https://cdn-avatars.huggingface.co/v1/production/uploads/61b253b7ac5ecaae3d1efe0c/BpiYJ-m5mXPXfjkzEt6yZ.png', 'fullname': 'ONNX Community', 'name': 'onnx-community', 'type': 'org', 'isHf': False, 'isHfAdmin': False, 'isMod': False, 'followerCount': 1881, 'isUserFollowing': False}",1069,False,onnx-community/harrier-oss-v1-0.6b-ONNX,[],2026-04-10T14:30:56.000Z,6,feature-extraction,False,model,False,,,300kBxet | 287kBxet | 389kBxet | 377kBxet | 394kBxet,293888.0,403456.0,15,15-05-2026
15,Xenova,"{'_id': '61b253b7ac5ecaae3d1efe0c', 'avatarUrl': 'https://cdn-avatars.huggingface.co/v1/production/uploads/61b253b7ac5ecaae3d1efe0c/hwiQ0uvz3t-L5a-NtBIO6.png', 'fullname': 'Joshua', 'name': 'Xenova', 'type': 'user', 'isPro': False, 'isHf': True, 'isHfAdmin': False, 'isMod': False, 'followerCount': 8001, 'isUserFollowing': False}",3776537,False,Xenova/all-MiniLM-L6-v2,[],2025-07-22T16:42:24.000Z,116,feature-extraction,False,model,False,,,90.4MBxet | 53.9MBxet | 45.3MBxet | 23MBxet | 54.6MBxet | 30MBxet | 23MBxet | 22.8MBxet,23907532.8,94791270.4,16,15-05-2026
16,Xenova,"{'_id': '61b253b7ac5ecaae3d1efe0c', 'avatarUrl': 'https://cdn-avatars.huggingface.co/v1/production/uploads/61b253b7ac5ecaae3d1efe0c/hwiQ0uvz3t-L5a-NtBIO6.png', 'fullname': 'Joshua', 'name': 'Xenova', 'type': 'user', 'isPro': False, 'isHf': True, 'isHfAdmin': False, 'isMod': False, 'followerCount': 8001, 'isUserFollowing': False}",14,False,Xenova/paraphrase-albert-small-v2,[],2025-07-22T00:08:32.000Z,0,feature-extraction,False,model,False,,,44.6MBxet | 19.9MBxet | 22.4MBxet | 11.4MBxet | 20.4MBxet | 12.1MBxet | 39.7MBxet | 11.4MBxet,11953766.4,46766489.6,17,15-05-2026
17,Xenova,"{'_id': '61b253b7ac5ecaae3d1efe0c', 'avatarUrl': 'https://cdn-avatars.huggingface.co/v1/production/uploads/61b253b7ac5ecaae3d1efe0c/hwiQ0uvz3t-L5a-NtBIO6.png', 'fullname': 'Joshua', 'name': 'Xenova', 'type': 'user', 'isPro': False, 'isHf': True, 'isHfAdmin': False, 'isMod': False, 'followerCount': 8001, 'isUserFollowing': False}",8,False,Xenova/paraphrase-albert-base-v2,[],2025-07-22T00:08:28.000Z,0,feature-extraction,False,model,False,,,44.7MBxet | 20.1MBxet | 22.7MBxet | 11.6MBxet | 20.5MBxet | 12.3MBxet | 40MBxet | 11.6MBxet,12163481.6,46871347.2,18,15-05-2026
18,Xenova,"{'_id': '61b253b7ac5ecaae3d1efe0c', 'avatarUrl': 'https://cdn-avatars.huggingface.co/v1/production/uploads/61b253b7ac5ecaae3d1efe0c/hwiQ0uvz3t-L5a-NtBIO6.png', 'fullname': 'Joshua', 'name': 'Xenova', 'type': 'user', 'isPro': False, 'isHf': True, 'isHfAdmin': False, 'isMod': False, 'followerCount': 8001, 'isUserFollowing': False}",12,False,Xenova/squeezebert-uncased,[],2025-07-22T00:08:24.000Z,0,feature-extraction,False,model,False,,,202MBxet | 202MBxet | 101MBxet | 202MBxet | 101MBxet | 51.2MBxet | 51.2MBxet,53687091.2,211812352.0,19,15-05-2026
19,Xenova,"{'_id': '61b253b7ac5ecaae3d1efe0c', 'avatarUrl': 'https://cdn-avatars.huggingface.co/v1/production/uploads/61b253b7ac5ecaae3d1efe0c/hwiQ0uvz3t-L5a-NtBIO6.png', 'fullname': 'Joshua', 'name': 'Xenova', 'type': 'user', 'isPro': False, 'isHf': True, 'isHfAdmin': False, 'isMod': False, 'followerCount': 8001, 'isUserFollowing': False}",12,False,Xenova/squeezebert-mnli,[],2025-07-22T00:08:18.000Z,0,feature-extraction,False,model,False,,,202MBxet | 202MBxet | 101MBxet | 202MBxet | 101MBxet | 51.3MBxet | 51.2MBxet,53687091.2,211812352.0,20,15-05-2026
20,Xenova,"{'_id': '61b253b7ac5ecaae3d1efe0c', 'avatarUrl': 'https://cdn-avatars.huggingface.co/v1/production/uploads/61b253b7ac5ecaae3d1efe0c/hwiQ0uvz3t-L5a-NtBIO6.png', 'fullname': 'Joshua', 'name': 'Xenova', 'type': 'user', 'isPro': False, 'isHf': True, 'isHfAdmin': False, 'isMod': False, 'followerCount': 8001, 'isUserFollowing': False}",86,False,Xenova/all-distilroberta-v1,[],2025-07-22T00:07:49.000Z,0,feature-extraction,False,model,False,,,326MBxet | 180MBxet | 163MBxet | 81.9MBxet | 183MBxet | 102MBxet | 82.1MBxet | 81.9MBxet,85878374.4,341835776.0,21,15-05-2026
21,Xenova,"{'_id': '61b253b7ac5ecaae3d1efe0c', 'avatarUrl': 'https://cdn-avatars.huggingface.co/v1/production/uploads/61b253b7ac5ecaae3d1efe0c/hwiQ0uvz3t-L5a-NtBIO6.png', 'fullname': 'Joshua', 'name': 'Xenova', 'type': 'user', 'isPro': False, 'isHf': True, 'isHfAdmin': False, 'isMod': False, 'followerCount': 8001, 'isUserFollowing': False}",157082,False,Xenova/paraphrase-multilingual-MiniLM-L12-v2,[],2025-07-22T00:07:45.000Z,16,feature-extraction,False,model,False,,,470MBxet | 397MBxet | 235MBxet | 118MBxet | 399MBxet | 205MBxet | 118MBxet | 118MBxet,123731968.0,492830720.0,22,15-05-2026
22,Xenova,"{'_id': '61b253b7ac5ecaae3d1efe0c', 'avatarUrl': 'https://cdn-avatars.huggingface.co/v1/production/uploads/61b253b7ac5ecaae3d1efe0c/hwiQ0uvz3t-L5a-NtBIO6.png', 'fullname': 'Joshua', 'name': 'Xenova', 'type': 'user', 'isPro': False, 'isHf': True, 'isHfAdmin': False, 'isMod': False, 'followerCount': 8001, 'isUserFollowing': False}",293,False,Xenova/paraphrase-MiniLM-L6-v2,[],2025-07-22T00:07:41.000Z,0,feature-extraction,False,model,False,,,90.4MBxet | 53.9MBxet | 45.3MBxet | 22.8MBxet | 54.6MBxet | 30MBxet | 23MBxet | 22.8MBxet,23907532.8,94791270.4,23,15-05-2026
23,Xenova,"{'_id': '61b253b7ac5ecaae3d1efe0c', 'avatarUrl': 'https://cdn-avatars.huggingface.co/v1/production/uploads/61b253b7ac5ecaae3d1efe0c/hwiQ0uvz3t-L5a-NtBIO6.png', 'fullname': 'Joshua', 'name': 'Xenova', 'type': 'user', 'isPro': False, 'isHf': True, 'isHfAdmin': False, 'isMod': False, 'followerCount': 8001, 'isUserFollowing': False}",25434,False,Xenova/all-mpnet-base-v2,[],2025-07-22T00:07:36.000Z,4,feature-extraction,False,model,False,,,436MBxet | 144MBxet | 218MBxet | 110MBxet | 149MBxet | 96MBxet | 110MBxet | 110MBxet,100663296.0,457179136.0,24,15-05-2026
24,Xenova,"{'_id': '61b253b7ac5ecaae3d1efe0c', 'avatarUrl': 'https://cdn-avatars.huggingface.co/v1/production/uploads/61b253b7ac5ecaae3d1efe0c/hwiQ0uvz3t-L5a-NtBIO6.png', 'fullname': 'Joshua', 'name': 'Xenova', 'type': 'user', 'isPro': False, 'isHf': True, 'isHfAdmin': False, 'isMod': False, 'followerCount': 8001, 'isUserFollowing': False}",9,False,Xenova/all-roberta-large-v1,[],2025-07-22T00:07:33.000Z,0,feature-extraction,False,model,False,,,1.42GBxet | 380MBxet | 709MBxet | 356MBxet | 399MBxet | 275MBxet | 357MBxet | 356MBxet,288358400.0,1524713390.08,25,15-05-2026
25,Xenova,"{'_id': '61b253b7ac5ecaae3d1efe0c', 'avatarUrl': 'https://cdn-avatars.huggingface.co/v1/production/uploads/61b253b7ac5ecaae3d1efe0c/hwiQ0uvz3t-L5a-NtBIO6.png', 'fullname': 'Joshua', 'name': 'Xenova', 'type': 'user', 'isPro': False, 'isHf': True, 'isHfAdmin': False, 'isMod': False, 'followerCount': 8001, 'isUserFollowing': False}",15,False,Xenova/bert-base-nli-mean-tokens,[],2025-07-22T00:07:29.000Z,0,feature-extraction,False,model,False,,,436MBxet | 144MBxet | 218MBxet | 110MBxet | 149MBxet | 96MBxet | 110MBxet | 110MBxet,100663296.0,457179136.0,26,15-05-2026
26,Xenova,"{'_id': '61b253b7ac5ecaae3d1efe0c', 'avatarUrl': 'https://cdn-avatars.huggingface.co/v1/production/uploads/61b253b7ac5ecaae3d1efe0c/hwiQ0uvz3t-L5a-NtBIO6.png', 'fullname': 'Joshua', 'name': 'Xenova', 'type': 'user', 'isPro': False, 'isHf': True, 'isHfAdmin': False, 'isMod': False, 'followerCount': 8001, 'isUserFollowing': False}",8,False,Xenova/distilbert-base-nli-mean-tokens,[],2025-07-22T00:07:25.000Z,0,feature-extraction,False,model,False,,,266MBxet | 120MBxet | 133MBxet | 66.7MBxet | 122MBxet | 71.8MBxet | 66.9MBxet | 66.7MBxet,69940019.2,278921216.0,27,15-05-2026
27,Xenova,"{'_id': '61b253b7ac5ecaae3d1efe0c', 'avatarUrl': 'https://cdn-avatars.huggingface.co/v1/production/uploads/61b253b7ac5ecaae3d1efe0c/hwiQ0uvz3t-L5a-NtBIO6.png', 'fullname': 'Joshua', 'name': 'Xenova', 'type': 'user', 'isPro': False, 'isHf': True, 'isHfAdmin': False, 'isMod': False, 'followerCount': 8001, 'isUserFollowing': False}",10,False,Xenova/distilbert-base-nli-stsb-mean-tokens,[],2025-07-22T00:07:21.000Z,0,feature-extraction,False,model,False,,,266MBxet | 120MBxet | 133MBxet | 66.7MBxet | 122MBxet | 71.8MBxet | 66.9MBxet | 66.7MBxet,69940019.2,278921216.0,28,15-05-2026
28,Xenova,"{'_id': '61b253b7ac5ecaae3d1efe0c', 'avatarUrl': 'https://cdn-avatars.huggingface.co/v1/production/uploads/61b253b7ac5ecaae3d1efe0c/hwiQ0uvz3t-L5a-NtBIO6.png', 'fullname': 'Joshua', 'name': 'Xenova', 'type': 'user', 'isPro': False, 'isHf': True, 'isHfAdmin': False, 'isMod': False, 'followerCount': 8001, 'isUserFollowing': False}",316,False,Xenova/distiluse-base-multilingual-cased-v1,[],2025-07-22T00:07:17.000Z,0,feature-extraction,False,model,False,,,539MBxet | 393MBxet | 270MBxet | 135MBxet | 396MBxet | 209MBxet | 135MBxet | 135MBxet,141557760.0,565182464.0,29,15-05-2026
29,Xenova,"{'_id': '61b253b7ac5ecaae3d1efe0c', 'avatarUrl': 'https://cdn-avatars.huggingface.co/v1/production/uploads/61b253b7ac5ecaae3d1efe0c/hwiQ0uvz3t-L5a-NtBIO6.png', 'fullname': 'Joshua', 'name': 'Xenova', 'type': 'user', 'isPro': False, 'isHf': True, 'isHfAdmin': False, 'isMod': False, 'followerCount': 8001, 'isUserFollowing': False}",12736,False,Xenova/distiluse-base-multilingual-cased-v2,[],2025-07-22T00:07:15.000Z,5,feature-extraction,False,model,False,,,539MBxet | 393MBxet | 270MBxet | 135MBxet | 396MBxet | 209MBxet | 135MBxet | 135MBxet,141557760.0,565182464.0,30,15-05-2026
30,Xenova,"{'_id': '61b253b7ac5ecaae3d1efe0c', 'avatarUrl': 'https://cdn-avatars.huggingface.co/v1/production/uploads/61b253b7ac5ecaae3d1efe0c/hwiQ0uvz3t-L5a-NtBIO6.png', 'fullname': 'Joshua', 'name': 'Xenova', 'type': 'user', 'isPro': False, 'isHf': True, 'isHfAdmin': False, 'isMod': False, 'followerCount': 8001, 'isUserFollowing': False}",3372,False,Xenova/msmarco-distilbert-base-v4,[],2025-07-22T00:07:11.000Z,0,feature-extraction,False,model,False,,,266MBxet | 120MBxet | 133MBxet | 66.7MBxet | 122MBxet | 71.8MBxet | 66.9MBxet | 66.7MBxet,69940019.2,278921216.0,31,15-05-2026
31,Xenova,"{'_id': '61b253b7ac5ecaae3d1efe0c', 'avatarUrl': 'https://cdn-avatars.huggingface.co/v1/production/uploads/61b253b7ac5ecaae3d1efe0c/hwiQ0uvz3t-L5a-NtBIO6.png', 'fullname': 'Joshua', 'name': 'Xenova', 'type': 'user', 'isPro': False, 'isHf': True, 'isHfAdmin': False, 'isMod': False, 'followerCount': 8001, 'isUserFollowing': False}",288,False,Xenova/multi-qa-MiniLM-L6-cos-v1,[],2025-07-22T00:07:07.000Z,3,feature-extraction,False,model,False,,,90.4MBxet | 53.9MBxet | 45.3MBxet | 22.8MBxet | 54.6MBxet | 30MBxet | 23MBxet | 22.8MBxet,23907532.8,94791270.4,32,15-05-2026
32,Xenova,"{'_id': '61b253b7ac5ecaae3d1efe0c', 'avatarUrl': 'https://cdn-avatars.huggingface.co/v1/production/uploads/61b253b7ac5ecaae3d1efe0c/hwiQ0uvz3t-L5a-NtBIO6.png', 'fullname': 'Joshua', 'name': 'Xenova', 'type': 'user', 'isPro': False, 'isHf': True, 'isHfAdmin': False, 'isMod': False, 'followerCount': 8001, 'isUserFollowing': False}",13,False,Xenova/multi-qa-distilbert-cos-v1,[],2025-07-22T00:07:04.000Z,0,feature-extraction,False,model,False,,,266MBxet | 120MBxet | 133MBxet | 66.7MBxet | 122MBxet | 71.8MBxet | 66.9MBxet | 66.7MBxet,69940019.2,278921216.0,33,15-05-2026
33,Xenova,"{'_id': '61b253b7ac5ecaae3d1efe0c', 'avatarUrl': 'https://cdn-avatars.huggingface.co/v1/production/uploads/61b253b7ac5ecaae3d1efe0c/hwiQ0uvz3t-L5a-NtBIO6.png', 'fullname': 'Joshua', 'name': 'Xenova', 'type': 'user', 'isPro': False, 'isHf': True, 'isHfAdmin': False, 'isMod': False, 'followerCount': 8001, 'isUserFollowing': False}",65,False,Xenova/multi-qa-mpnet-base-cos-v1,[],2025-07-22T00:07:01.000Z,0,feature-extraction,False,model,False,,,436MBxet | 144MBxet | 218MBxet | 110MBxet | 149MBxet | 96MBxet | 110MBxet | 110MBxet,100663296.0,457179136.0,34,15-05-2026
34,Xenova,"{'_id': '61b253b7ac5ecaae3d1efe0c', 'avatarUrl': 'https://cdn-avatars.huggingface.co/v1/production/uploads/61b253b7ac5ecaae3d1efe0c/hwiQ0uvz3t-L5a-NtBIO6.png', 'fullname': 'Joshua', 'name': 'Xenova', 'type': 'user', 'isPro': False, 'isHf': True, 'isHfAdmin': False, 'isMod': False, 'followerCount': 8001, 'isUserFollowing': False}",479,False,Xenova/multi-qa-mpnet-base-dot-v1,[],2025-07-22T00:06:57.000Z,1,feature-extraction,False,model,False,,,436MBxet | 144MBxet | 218MBxet | 110MBxet | 149MBxet | 96MBxet | 110MBxet | 110MBxet,100663296.0,457179136.0,35,15-05-2026
35,Xenova,"{'_id': '61b253b7ac5ecaae3d1efe0c', 'avatarUrl': 'https://cdn-avatars.huggingface.co/v1/production/uploads/61b253b7ac5ecaae3d1efe0c/hwiQ0uvz3t-L5a-NtBIO6.png', 'fullname': 'Joshua', 'name': 'Xenova', 'type': 'user', 'isPro': False, 'isHf': True, 'isHfAdmin': False, 'isMod': False, 'followerCount': 8001, 'isUserFollowing': False}",10,False,Xenova/nli-mpnet-base-v2,[],2025-07-22T00:06:52.000Z,0,feature-extraction,False,model,False,,,436MBxet | 144MBxet | 218MBxet | 110MBxet | 149MBxet | 96MBxet | 110MBxet | 110MBxet,100663296.0,457179136.0,36,15-05-2026
36,Xenova,"{'_id': '61b253b7ac5ecaae3d1efe0c', 'avatarUrl': 'https://cdn-avatars.huggingface.co/v1/production/uploads/61b253b7ac5ecaae3d1efe0c/hwiQ0uvz3t-L5a-NtBIO6.png', 'fullname': 'Joshua', 'name': 'Xenova', 'type': 'user', 'isPro': False, 'isHf': True, 'isHfAdmin': False, 'isMod': False, 'followerCount': 8001, 'isUserFollowing': False}",641,False,Xenova/paraphrase-MiniLM-L3-v2,[],2025-07-22T00:06:48.000Z,0,feature-extraction,False,model,False,,,69MBxet | 50.8MBxet | 34.6MBxet | 17.4MBxet | 51.1MBxet | 26.9MBxet | 17.5MBxet | 17.4MBxet,18245222.4,72351744.0,37,15-05-2026
37,Xenova,"{'_id': '61b253b7ac5ecaae3d1efe0c', 'avatarUrl': 'https://cdn-avatars.huggingface.co/v1/production/uploads/61b253b7ac5ecaae3d1efe0c/hwiQ0uvz3t-L5a-NtBIO6.png', 'fullname': 'Joshua', 'name': 'Xenova', 'type': 'user', 'isPro': False, 'isHf': True, 'isHfAdmin': False, 'isMod': False, 'followerCount': 8001, 'isUserFollowing': False}",17,False,Xenova/paraphrase-mpnet-base-v2,[],2025-07-22T00:06:45.000Z,0,feature-extraction,False,model,False,,,436MBxet | 144MBxet | 218MBxet | 110MBxet | 149MBxet | 96MBxet | 110MBxet | 110MBxet,100663296.0,457179136.0,38,15-05-2026
38,Xenova,"{'_id': '61b253b7ac5ecaae3d1efe0c', 'avatarUrl': 'https://cdn-avatars.huggingface.co/v1/production/uploads/61b253b7ac5ecaae3d1efe0c/hwiQ0uvz3t-L5a-NtBIO6.png', 'fullname': 'Joshua', 'name': 'Xenova', 'type': 'user', 'isPro': False, 'isHf': True, 'isHfAdmin': False, 'isMod': False, 'followerCount': 8001, 'isUserFollowing': False}",10509,False,Xenova/paraphrase-multilingual-mpnet-base-v2,[],2025-07-22T00:06:40.000Z,4,feature-extraction,False,model,False,,,1.11GBxet | 818MBxet | 555MBxet | 278MBxet | 823MBxet | 433MBxet | 279MBxet | 278MBxet,291504128.0,1191853424.64,39,15-05-2026
39,Xenova,"{'_id': '61b253b7ac5ecaae3d1efe0c', 'avatarUrl': 'https://cdn-avatars.huggingface.co/v1/production/uploads/61b253b7ac5ecaae3d1efe0c/hwiQ0uvz3t-L5a-NtBIO6.png', 'fullname': 'Joshua', 'name': 'Xenova', 'type': 'user', 'isPro': False, 'isHf': True, 'isHfAdmin': False, 'isMod': False, 'followerCount': 8001, 'isUserFollowing': False}",10,False,Xenova/xlm-r-100langs-bert-base-nli-stsb-mean-tokens,[],2025-07-22T00:06:37.000Z,0,feature-extraction,False,model,False,,,1.11GBxet | 818MBxet | 555MBxet | 278MBxet | 823MBxet | 433MBxet | 279MBxet | 278MBxet,291504128.0,1191853424.64,40,15-05-2026
40,Xenova,"{'_id': '61b253b7ac5ecaae3d1efe0c', 'avatarUrl': 'https://cdn-avatars.huggingface.co/v1/production/uploads/61b253b7ac5ecaae3d1efe0c/hwiQ0uvz3t-L5a-NtBIO6.png', 'fullname': 'Joshua', 'name': 'Xenova', 'type': 'user', 'isPro': False, 'isHf': True, 'isHfAdmin': False, 'isMod': False, 'followerCount': 8001, 'isUserFollowing': False}",1965,False,Xenova/all-MiniLM-L12-v2,[],2025-07-22T00:06:12.000Z,4,feature-extraction,False,model,False,,,133MBxet | 60.1MBxet | 66.7MBxet | 33.8MBxet | 61.5MBxet | 36.2MBxet | 34MBxet | 33.8MBxet,35441868.8,139460608.0,41,15-05-2026
41,Xenova,"{'_id': '61b253b7ac5ecaae3d1efe0c', 'avatarUrl': 'https://cdn-avatars.huggingface.co/v1/production/uploads/61b253b7ac5ecaae3d1efe0c/hwiQ0uvz3t-L5a-NtBIO6.png', 'fullname': 'Joshua', 'name': 'Xenova', 'type': 'user', 'isPro': False, 'isHf': True, 'isHfAdmin': False, 'isMod': False, 'followerCount': 8001, 'isUserFollowing': False}",21,False,Xenova/scibert_scivocab_uncased,[],2025-07-22T00:06:02.000Z,0,feature-extraction,False,model,False,,,438MBxet | 146MBxet | 219MBxet | 110MBxet | 151MBxet | 96.9MBxet | 111MBxet | 110MBxet,101607014.4,459276288.0,42,15-05-2026
42,Xenova,"{'_id': '61b253b7ac5ecaae3d1efe0c', 'avatarUrl': 'https://cdn-avatars.huggingface.co/v1/production/uploads/61b253b7ac5ecaae3d1efe0c/hwiQ0uvz3t-L5a-NtBIO6.png', 'fullname': 'Joshua', 'name': 'Xenova', 'type': 'user', 'isPro': False, 'isHf': True, 'isHfAdmin': False, 'isMod': False, 'followerCount': 8001, 'isUserFollowing': False}",8,False,Xenova/spanbert-large-cased,[],2025-07-22T00:05:58.000Z,0,feature-extraction,False,model,False,,,1.33GBxet | 293MBxet | 666MBxet | 334MBxet | 311MBxet | 232MBxet | 335MBxet | 334MBxet,243269632.0,1428076625.92,43,15-05-2026
43,Xenova,"{'_id': '61b253b7ac5ecaae3d1efe0c', 'avatarUrl': 'https://cdn-avatars.huggingface.co/v1/production/uploads/61b253b7ac5ecaae3d1efe0c/hwiQ0uvz3t-L5a-NtBIO6.png', 'fullname': 'Joshua', 'name': 'Xenova', 'type': 'user', 'isPro': False, 'isHf': True, 'isHfAdmin': False, 'isMod': False, 'followerCount': 8001, 'isUserFollowing': False}",7,False,Xenova/spanbert-base-cased,[],2025-07-22T00:05:54.000Z,0,feature-extraction,False,model,False,,,431MBxet | 139MBxet | 216MBxet | 108MBxet | 145MBxet | 93.6MBxet | 109MBxet | 108MBxet,98146713.6,451936256.0,44,15-05-2026
44,sdan,"{'_id': '648a4f6ebc14f405fa4fbfc3', 'avatarUrl': '/avatars/d0eaf646e2d69def5ce1a549fbccf8c0.svg', 'fullname': 'sdan', 'name': 'sdan', 'type': 'user', 'isPro': False, 'isHf': False, 'isHfAdmin': False, 'isMod': False, 'followerCount': 2, 'isUserFollowing': False}",11,False,sdan/simple-embeddings,[],2023-06-14T23:42:54.000Z,0,feature-extraction,False,model,False,,,90.4MBxet | 23MBxet,24117248.0,94791270.4,45,15-05-2026
45,Xenova,"{'_id': '61b253b7ac5ecaae3d1efe0c', 'avatarUrl': 'https://cdn-avatars.huggingface.co/v1/production/uploads/61b253b7ac5ecaae3d1efe0c/hwiQ0uvz3t-L5a-NtBIO6.png', 'fullname': 'Joshua', 'name': 'Xenova', 'type': 'user', 'isPro': False, 'isHf': True, 'isHfAdmin': False, 'isMod': False, 'followerCount': 8001, 'isUserFollowing': False}",37,False,Xenova/sentence_bert,[],2025-07-22T00:05:46.000Z,0,feature-extraction,False,model,False,,,436MBxet | 144MBxet | 218MBxet | 110MBxet | 149MBxet | 96MBxet | 110MBxet | 110MBxet,100663296.0,457179136.0,46,15-05-2026
46,Xenova,"{'_id': '61b253b7ac5ecaae3d1efe0c', 'avatarUrl': 'https://cdn-avatars.huggingface.co/v1/production/uploads/61b253b7ac5ecaae3d1efe0c/hwiQ0uvz3t-L5a-NtBIO6.png', 'fullname': 'Joshua', 'name': 'Xenova', 'type': 'user', 'isPro': False, 'isHf': True, 'isHfAdmin': False, 'isMod': False, 'followerCount': 8001, 'isUserFollowing': False}",4905,False,Xenova/e5-small-v2,[],2025-07-22T00:05:40.000Z,3,feature-extraction,False,model,False,,,133MBxet | 60.1MBxet | 66.7MBxet | 33.8MBxet | 61.5MBxet | 36.2MBxet | 34MBxet | 33.8MBxet,35441868.8,139460608.0,47,15-05-2026
47,Xenova,"{'_id': '61b253b7ac5ecaae3d1efe0c', 'avatarUrl': 'https://cdn-avatars.huggingface.co/v1/production/uploads/61b253b7ac5ecaae3d1efe0c/hwiQ0uvz3t-L5a-NtBIO6.png', 'fullname': 'Joshua', 'name': 'Xenova', 'type': 'user', 'isPro': False, 'isHf': True, 'isHfAdmin': False, 'isMod': False, 'followerCount': 8001, 'isUserFollowing': False}",184,False,Xenova/SapBERT-from-PubMedBERT-fulltext,[],2025-07-22T00:04:33.000Z,0,feature-extraction,False,model,False,,,436MBxet | 144MBxet | 218MBxet | 110MBxet | 149MBxet | 96MBxet | 110MBxet | 110MBxet,100663296.0,457179136.0,48,15-05-2026
48,Xenova,"{'_id': '61b253b7ac5ecaae3d1efe0c', 'avatarUrl': 'https://cdn-avatars.huggingface.co/v1/production/uploads/61b253b7ac5ecaae3d1efe0c/hwiQ0uvz3t-L5a-NtBIO6.png', 'fullname': 'Joshua', 'name': 'Xenova', 'type': 'user', 'isPro': False, 'isHf': True, 'isHfAdmin': False, 'isMod': False, 'followerCount': 8001, 'isUserFollowing': False}",11,False,Xenova/indobert-base-p1,[],2025-07-22T00:04:27.000Z,0,feature-extraction,False,model,False,,,496MBxet | 204MBxet | 248MBxet | 125MBxet | 209MBxet | 126MBxet | 125MBxet | 125MBxet,131072000.0,520093696.0,49,15-05-2026
49,Xenova,"{'_id': '61b253b7ac5ecaae3d1efe0c', 'avatarUrl': 'https://cdn-avatars.huggingface.co/v1/production/uploads/61b253b7ac5ecaae3d1efe0c/hwiQ0uvz3t-L5a-NtBIO6.png', 'fullname': 'Joshua', 'name': 'Xenova', 'type': 'user', 'isPro': False, 'isHf': True, 'isHfAdmin': False, 'isMod': False, 'followerCount': 8001, 'isUserFollowing': False}",11,False,Xenova/UMLSBert_ENG,[],2024-10-08T13:39:19.000Z,1,feature-extraction,False,model,False,,,436MBxet | 218MBxet | 110MBxet,115343360.0,457179136.0,50,15-05-2026
50,Xenova,"{'_id': '61b253b7ac5ecaae3d1efe0c', 'avatarUrl': 'https://cdn-avatars.huggingface.co/v1/production/uploads/61b253b7ac5ecaae3d1efe0c/hwiQ0uvz3t-L5a-NtBIO6.png', 'fullname': 'Joshua', 'name': 'Xenova', 'type': 'user', 'isPro': False, 'isHf': True, 'isHfAdmin': False, 'isMod': False, 'followerCount': 8001, 'isUserFollowing': False}",15,False,Xenova/rubert-base-cased,[],2025-07-22T00:03:42.000Z,0,feature-extraction,False,model,False,,,709MBxet | 417MBxet | 355MBxet | 178MBxet | 423MBxet | 233MBxet | 178MBxet | 178MBxet,186646528.0,743440384.0,51,15-05-2026
51,Xenova,"{'_id': '61b253b7ac5ecaae3d1efe0c', 'avatarUrl': 'https://cdn-avatars.huggingface.co/v1/production/uploads/61b253b7ac5ecaae3d1efe0c/hwiQ0uvz3t-L5a-NtBIO6.png', 'fullname': 'Joshua', 'name': 'Xenova', 'type': 'user', 'isPro': False, 'isHf': True, 'isHfAdmin': False, 'isMod': False, 'followerCount': 8001, 'isUserFollowing': False}",14,False,Xenova/kobert,[],2025-07-22T00:03:39.000Z,0,feature-extraction,False,model,False,,,367MBxet | 74.7MBxet | 184MBxet | 92.3MBxet | 80MBxet | 61.4MBxet | 92.8MBxet | 92.3MBxet,64382566.4,384827392.0,52,15-05-2026
52,Xenova,"{'_id': '61b253b7ac5ecaae3d1efe0c', 'avatarUrl': 'https://cdn-avatars.huggingface.co/v1/production/uploads/61b253b7ac5ecaae3d1efe0c/hwiQ0uvz3t-L5a-NtBIO6.png', 'fullname': 'Joshua', 'name': 'Xenova', 'type': 'user', 'isPro': False, 'isHf': True, 'isHfAdmin': False, 'isMod': False, 'followerCount': 8001, 'isUserFollowing': False}",127,False,Xenova/e5-small,[],2025-07-22T00:03:34.000Z,0,feature-extraction,False,model,False,,,133MBxet | 60.1MBxet | 66.7MBxet | 33.8MBxet | 61.5MBxet | 36.2MBxet | 34MBxet | 33.8MBxet,35441868.8,139460608.0,53,15-05-2026
53,Xenova,"{'_id': '61b253b7ac5ecaae3d1efe0c', 'avatarUrl': 'https://cdn-avatars.huggingface.co/v1/production/uploads/61b253b7ac5ecaae3d1efe0c/hwiQ0uvz3t-L5a-NtBIO6.png', 'fullname': 'Joshua', 'name': 'Xenova', 'type': 'user', 'isPro': False, 'isHf': True, 'isHfAdmin': False, 'isMod': False, 'followerCount': 8001, 'isUserFollowing': False}",11,False,Xenova/e5-large,[],2025-07-22T00:03:29.000Z,0,feature-extraction,False,model,False,,,1.34GBxet | 299MBxet | 669MBxet | 336MBxet | 318MBxet | 235MBxet | 337MBxet | 336MBxet,246415360.0,1438814044.16,54,15-05-2026
54,Xenova,"{'_id': '61b253b7ac5ecaae3d1efe0c', 'avatarUrl': 'https://cdn-avatars.huggingface.co/v1/production/uploads/61b253b7ac5ecaae3d1efe0c/hwiQ0uvz3t-L5a-NtBIO6.png', 'fullname': 'Joshua', 'name': 'Xenova', 'type': 'user', 'isPro': False, 'isHf': True, 'isHfAdmin': False, 'isMod': False, 'followerCount': 8001, 'isUserFollowing': False}",427,False,Xenova/e5-large-v2,[],2025-07-22T00:03:25.000Z,6,feature-extraction,False,model,False,,,1.34GBxet | 299MBxet | 669MBxet | 336MBxet | 318MBxet | 235MBxet | 337MBxet | 336MBxet,246415360.0,1438814044.16,55,15-05-2026
55,Xenova,"{'_id': '61b253b7ac5ecaae3d1efe0c', 'avatarUrl': 'https://cdn-avatars.huggingface.co/v1/production/uploads/61b253b7ac5ecaae3d1efe0c/hwiQ0uvz3t-L5a-NtBIO6.png', 'fullname': 'Joshua', 'name': 'Xenova', 'type': 'user', 'isPro': False, 'isHf': True, 'isHfAdmin': False, 'isMod': False, 'followerCount': 8001, 'isUserFollowing': False}",10,False,Xenova/e5-base,[],2025-07-22T00:03:20.000Z,0,feature-extraction,False,model,False,,,436MBxet | 144MBxet | 218MBxet | 110MBxet | 149MBxet | 96MBxet | 110MBxet | 110MBxet,100663296.0,457179136.0,56,15-05-2026
56,Xenova,"{'_id': '61b253b7ac5ecaae3d1efe0c', 'avatarUrl': 'https://cdn-avatars.huggingface.co/v1/production/uploads/61b253b7ac5ecaae3d1efe0c/hwiQ0uvz3t-L5a-NtBIO6.png', 'fullname': 'Joshua', 'name': 'Xenova', 'type': 'user', 'isPro': False, 'isHf': True, 'isHfAdmin': False, 'isMod': False, 'followerCount': 8001, 'isUserFollowing': False}",83,False,Xenova/e5-base-v2,[],2025-07-22T00:03:14.000Z,0,feature-extraction,False,model,False,,,436MBxet | 144MBxet | 218MBxet | 110MBxet | 149MBxet | 96MBxet | 110MBxet | 110MBxet,100663296.0,457179136.0,57,15-05-2026
57,Xenova,"{'_id': '61b253b7ac5ecaae3d1efe0c', 'avatarUrl': 'https://cdn-avatars.huggingface.co/v1/production/uploads/61b253b7ac5ecaae3d1efe0c/hwiQ0uvz3t-L5a-NtBIO6.png', 'fullname': 'Joshua', 'name': 'Xenova', 'type': 'user', 'isPro': False, 'isHf': True, 'isHfAdmin': False, 'isMod': False, 'followerCount': 8001, 'isUserFollowing': False}",8048,False,Xenova/multilingual-e5-base,[],2025-07-22T00:03:08.000Z,3,feature-extraction,False,model,False,,,1.11GBxet | 818MBxet | 555MBxet | 278MBxet | 823MBxet | 433MBxet | 279MBxet | 278MBxet,291504128.0,1191853424.64,58,15-05-2026
58,Xenova,"{'_id': '61b253b7ac5ecaae3d1efe0c', 'avatarUrl': 'https://cdn-avatars.huggingface.co/v1/production/uploads/61b253b7ac5ecaae3d1efe0c/hwiQ0uvz3t-L5a-NtBIO6.png', 'fullname': 'Joshua', 'name': 'Xenova', 'type': 'user', 'isPro': False, 'isHf': True, 'isHfAdmin': False, 'isMod': False, 'followerCount': 8001, 'isUserFollowing': False}",9,False,Xenova/instructor-base,[],2024-10-08T13:39:26.000Z,0,feature-extraction,False,model,False,,,552MBxet | 552MBxet | 140MBxet | 139MBxet | 495MBxet | 125MBxet | 439MBxet | 110MBxet,115343360.0,578813952.0,59,15-05-2026
59,Xenova,"{'_id': '61b253b7ac5ecaae3d1efe0c', 'avatarUrl': 'https://cdn-avatars.huggingface.co/v1/production/uploads/61b253b7ac5ecaae3d1efe0c/hwiQ0uvz3t-L5a-NtBIO6.png', 'fullname': 'Joshua', 'name': 'Xenova', 'type': 'user', 'isPro': False, 'isHf': True, 'isHfAdmin': False, 'isMod': False, 'followerCount': 8001, 'isUserFollowing': False}",9,False,Xenova/instructor-large,[],2024-10-08T13:39:26.000Z,2,feature-extraction,False,model,False,,,1.74GBxet | 1.74GBxet | 439MBxet | 438MBxet | 1.54GBxet | 388MBxet | 1.34GBxet | 337MBxet,353370112.0,1868310773.76,60,15-05-2026
60,Xenova,"{'_id': '61b253b7ac5ecaae3d1efe0c', 'avatarUrl': 'https://cdn-avatars.huggingface.co/v1/production/uploads/61b253b7ac5ecaae3d1efe0c/hwiQ0uvz3t-L5a-NtBIO6.png', 'fullname': 'Joshua', 'name': 'Xenova', 'type': 'user', 'isPro': False, 'isHf': True, 'isHfAdmin': False, 'isMod': False, 'followerCount': 8001, 'isUserFollowing': False}",12,False,Xenova/sentence-t5-large,[],2024-10-08T13:39:27.000Z,0,feature-extraction,False,model,False,,,1.74GBxet | 1.74GBxet | 439MBxet | 438MBxet | 1.54GBxet | 388MBxet | 1.34GBxet | 337MBxet,353370112.0,1868310773.76,61,15-05-2026
61,Xenova,"{'_id': '61b253b7ac5ecaae3d1efe0c', 'avatarUrl': 'https://cdn-avatars.huggingface.co/v1/production/uploads/61b253b7ac5ecaae3d1efe0c/hwiQ0uvz3t-L5a-NtBIO6.png', 'fullname': 'Joshua', 'name': 'Xenova', 'type': 'user', 'isPro': False, 'isHf': True, 'isHfAdmin': False, 'isMod': False, 'followerCount': 8001, 'isUserFollowing': False}",3134240,False,Xenova/multilingual-e5-small,[],2025-07-22T00:03:05.000Z,11,feature-extraction,False,model,False,,,470MBxet | 397MBxet | 235MBxet | 118MBxet | 399MBxet | 205MBxet | 118MBxet | 118MBxet,123731968.0,492830720.0,62,15-05-2026
62,Xenova,"{'_id': '61b253b7ac5ecaae3d1efe0c', 'avatarUrl': 'https://cdn-avatars.huggingface.co/v1/production/uploads/61b253b7ac5ecaae3d1efe0c/hwiQ0uvz3t-L5a-NtBIO6.png', 'fullname': 'Joshua', 'name': 'Xenova', 'type': 'user', 'isPro': False, 'isHf': True, 'isHfAdmin': False, 'isMod': False, 'followerCount': 8001, 'isUserFollowing': False}",3377,False,Xenova/multilingual-e5-large,[],2025-03-06T21:51:30.000Z,12,feature-extraction,False,model,False,,,546kBxet | 1.12GBxet | 562MBxet,559104.0,1202590842.88,63,15-05-2026
63,Xenova,"{'_id': '61b253b7ac5ecaae3d1efe0c', 'avatarUrl': 'https://cdn-avatars.huggingface.co/v1/production/uploads/61b253b7ac5ecaae3d1efe0c/hwiQ0uvz3t-L5a-NtBIO6.png', 'fullname': 'Joshua', 'name': 'Xenova', 'type': 'user', 'isPro': False, 'isHf': True, 'isHfAdmin': False, 'isMod': False, 'followerCount': 8001, 'isUserFollowing': False}",24,False,Xenova/mms-300m,[],2024-10-08T13:39:40.000Z,0,feature-extraction,False,model,False,,,1.26GBxet | 632MBxet | 318MBxet,333447168.0,1352914698.24,64,15-05-2026
64,Xenova,"{'_id': '61b253b7ac5ecaae3d1efe0c', 'avatarUrl': 'https://cdn-avatars.huggingface.co/v1/production/uploads/61b253b7ac5ecaae3d1efe0c/hwiQ0uvz3t-L5a-NtBIO6.png', 'fullname': 'Joshua', 'name': 'Xenova', 'type': 'user', 'isPro': False, 'isHf': True, 'isHfAdmin': False, 'isMod': False, 'followerCount': 8001, 'isUserFollowing': False}",23,False,Xenova/mms-1b,[],2025-03-07T10:52:22.000Z,0,feature-extraction,False,model,False,,,1.13MBxet | 1.93GBxet | 969MBxet,1184890.88,2072321720.32,65,15-05-2026
65,Supabase,"{'_id': '645b4cea08d9a18f91e9b8e5', 'avatarUrl': 'https://cdn-avatars.huggingface.co/v1/production/uploads/63267719ff539edeea96336a/I4961jNG67wvlqZP1swzQ.png', 'fullname': 'Supabase', 'name': 'Supabase', 'type': 'org', 'isHf': False, 'isHfAdmin': False, 'isMod': False, 'followerCount': 63, 'isUserFollowing': False}",6,False,Supabase/e5-small-v2,[],2024-03-18T18:03:35.000Z,2,feature-extraction,False,model,False,,,133MBxet | 66.7MBxet | 34MBxet,35651584.0,139460608.0,66,15-05-2026
66,Supabase,"{'_id': '645b4cea08d9a18f91e9b8e5', 'avatarUrl': 'https://cdn-avatars.huggingface.co/v1/production/uploads/63267719ff539edeea96336a/I4961jNG67wvlqZP1swzQ.png', 'fullname': 'Supabase', 'name': 'Supabase', 'type': 'org', 'isHf': False, 'isHfAdmin': False, 'isMod': False, 'followerCount': 63, 'isUserFollowing': False}",39,False,Supabase/all-MiniLM-L6-v2,[],2024-03-18T18:04:18.000Z,3,feature-extraction,False,model,False,,,90.4MBxet | 45.3MBxet | 23MBxet,24117248.0,94791270.4,67,15-05-2026
67,Supabase,"{'_id': '645b4cea08d9a18f91e9b8e5', 'avatarUrl': 'https://cdn-avatars.huggingface.co/v1/production/uploads/63267719ff539edeea96336a/I4961jNG67wvlqZP1swzQ.png', 'fullname': 'Supabase', 'name': 'Supabase', 'type': 'org', 'isHf': False, 'isHfAdmin': False, 'isMod': False, 'followerCount': 63, 'isUserFollowing': False}",69834,False,Supabase/gte-small,[],2024-03-18T18:02:53.000Z,100,feature-extraction,False,model,False,,,133MBxet | 66.7MBxet | 34MBxet,35651584.0,139460608.0,68,15-05-2026
68,Xenova,"{'_id': '61b253b7ac5ecaae3d1efe0c', 'avatarUrl': 'https://cdn-avatars.huggingface.co/v1/production/uploads/61b253b7ac5ecaae3d1efe0c/hwiQ0uvz3t-L5a-NtBIO6.png', 'fullname': 'Joshua', 'name': 'Xenova', 'type': 'user', 'isPro': False, 'isHf': True, 'isHfAdmin': False, 'isMod': False, 'followerCount': 8001, 'isUserFollowing': False}",25680,False,Xenova/gte-small,[],2025-07-22T00:03:01.000Z,23,feature-extraction,False,model,False,,,133MBxet | 60.1MBxet | 66.7MBxet | 33.8MBxet | 61.5MBxet | 36.2MBxet | 34MBxet | 33.8MBxet,35441868.8,139460608.0,69,15-05-2026
69,Xenova,"{'_id': '61b253b7ac5ecaae3d1efe0c', 'avatarUrl': 'https://cdn-avatars.huggingface.co/v1/production/uploads/61b253b7ac5ecaae3d1efe0c/hwiQ0uvz3t-L5a-NtBIO6.png', 'fullname': 'Joshua', 'name': 'Xenova', 'type': 'user', 'isPro': False, 'isHf': True, 'isHfAdmin': False, 'isMod': False, 'followerCount': 8001, 'isUserFollowing': False}",1225,False,Xenova/gte-base,[],2025-07-22T00:02:30.000Z,0,feature-extraction,False,model,False,,,436MBxet | 144MBxet | 218MBxet | 110MBxet | 149MBxet | 96MBxet | 110MBxet | 110MBxet,100663296.0,457179136.0,70,15-05-2026
70,Xenova,"{'_id': '61b253b7ac5ecaae3d1efe0c', 'avatarUrl': 'https://cdn-avatars.huggingface.co/v1/production/uploads/61b253b7ac5ecaae3d1efe0c/hwiQ0uvz3t-L5a-NtBIO6.png', 'fullname': 'Joshua', 'name': 'Xenova', 'type': 'user', 'isPro': False, 'isHf': True, 'isHfAdmin': False, 'isMod': False, 'followerCount': 8001, 'isUserFollowing': False}",44,False,Xenova/gte-large,[],2025-07-22T00:02:27.000Z,2,feature-extraction,False,model,False,,,1.34GBxet | 299MBxet | 669MBxet | 336MBxet | 318MBxet | 235MBxet | 337MBxet | 336MBxet,246415360.0,1438814044.16,71,15-05-2026
71,Xenova,"{'_id': '61b253b7ac5ecaae3d1efe0c', 'avatarUrl': 'https://cdn-avatars.huggingface.co/v1/production/uploads/61b253b7ac5ecaae3d1efe0c/hwiQ0uvz3t-L5a-NtBIO6.png', 'fullname': 'Joshua', 'name': 'Xenova', 'type': 'user', 'isPro': False, 'isHf': True, 'isHfAdmin': False, 'isMod': False, 'followerCount': 8001, 'isUserFollowing': False}",67,False,Xenova/bge-small-en,[],2025-07-22T00:02:23.000Z,1,feature-extraction,False,model,False,,,133MBxet | 60.1MBxet | 66.7MBxet | 33.8MBxet | 61.5MBxet | 36.2MBxet | 34MBxet | 33.8MBxet,35441868.8,139460608.0,72,15-05-2026
72,Xenova,"{'_id': '61b253b7ac5ecaae3d1efe0c', 'avatarUrl': 'https://cdn-avatars.huggingface.co/v1/production/uploads/61b253b7ac5ecaae3d1efe0c/hwiQ0uvz3t-L5a-NtBIO6.png', 'fullname': 'Joshua', 'name': 'Xenova', 'type': 'user', 'isPro': False, 'isHf': True, 'isHfAdmin': False, 'isMod': False, 'followerCount': 8001, 'isUserFollowing': False}",87,False,Xenova/bge-base-en,[],2025-07-22T00:02:16.000Z,0,feature-extraction,False,model,False,,,436MBxet | 144MBxet | 218MBxet | 110MBxet | 149MBxet | 96MBxet | 110MBxet | 110MBxet,100663296.0,457179136.0,73,15-05-2026
73,Xenova,"{'_id': '61b253b7ac5ecaae3d1efe0c', 'avatarUrl': 'https://cdn-avatars.huggingface.co/v1/production/uploads/61b253b7ac5ecaae3d1efe0c/hwiQ0uvz3t-L5a-NtBIO6.png', 'fullname': 'Joshua', 'name': 'Xenova', 'type': 'user', 'isPro': False, 'isHf': True, 'isHfAdmin': False, 'isMod': False, 'followerCount': 8001, 'isUserFollowing': False}",10,False,Xenova/bge-large-en,[],2025-07-22T16:42:46.000Z,0,feature-extraction,False,model,False,,,1.34GBxet | 299MBxet | 669MBxet | 336MBxet | 318MBxet | 235MBxet | 337MBxet | 336MBxet,246415360.0,1438814044.16,74,15-05-2026
74,ggrn,"{'_id': '63267719ff539edeea96336a', 'avatarUrl': 'https://cdn-avatars.huggingface.co/v1/production/uploads/63267719ff539edeea96336a/ASNS3IY6apkwOG3k5ev1I.png', 'fullname': 'Greg Richardson', 'name': 'ggrn', 'type': 'user', 'isPro': False, 'isHf': False, 'isHfAdmin': False, 'isMod': False, 'followerCount': 1, 'isUserFollowing': False}",107,False,ggrn/bge-small-en,[],2024-04-26T16:38:15.000Z,2,feature-extraction,False,model,False,,,133MBxet | 66.7MBxet | 34MBxet,35651584.0,139460608.0,75,15-05-2026
75,Supabase,"{'_id': '645b4cea08d9a18f91e9b8e5', 'avatarUrl': 'https://cdn-avatars.huggingface.co/v1/production/uploads/63267719ff539edeea96336a/I4961jNG67wvlqZP1swzQ.png', 'fullname': 'Supabase', 'name': 'Supabase', 'type': 'org', 'isHf': False, 'isHfAdmin': False, 'isMod': False, 'followerCount': 63, 'isUserFollowing': False}",176,False,Supabase/bge-small-en,[],2024-03-18T18:03:59.000Z,1,feature-extraction,False,model,False,,,133MBxet | 66.7MBxet | 34MBxet,35651584.0,139460608.0,76,15-05-2026
76,Xenova,"{'_id': '61b253b7ac5ecaae3d1efe0c', 'avatarUrl': 'https://cdn-avatars.huggingface.co/v1/production/uploads/61b253b7ac5ecaae3d1efe0c/hwiQ0uvz3t-L5a-NtBIO6.png', 'fullname': 'Joshua', 'name': 'Xenova', 'type': 'user', 'isPro': False, 'isHf': True, 'isHfAdmin': False, 'isMod': False, 'followerCount': 8001, 'isUserFollowing': False}",21,False,Xenova/bge-base-zh,[],2025-07-22T00:02:01.000Z,0,feature-extraction,False,model,False,,,407MBxet | 115MBxet | 204MBxet | 102MBxet | 120MBxet | 81.5MBxet | 103MBxet | 102MBxet,85458944.0,426770432.0,77,15-05-2026
77,Xenova,"{'_id': '61b253b7ac5ecaae3d1efe0c', 'avatarUrl': 'https://cdn-avatars.huggingface.co/v1/production/uploads/61b253b7ac5ecaae3d1efe0c/hwiQ0uvz3t-L5a-NtBIO6.png', 'fullname': 'Joshua', 'name': 'Xenova', 'type': 'user', 'isPro': False, 'isHf': True, 'isHfAdmin': False, 'isMod': False, 'followerCount': 8001, 'isUserFollowing': False}",5,False,Xenova/bge-large-zh,[],2025-07-22T16:42:59.000Z,1,feature-extraction,False,model,False,,,1.3GBxet | 260MBxet | 650MBxet | 326MBxet | 279MBxet | 215MBxet | 327MBxet | 326MBxet,225443840.0,1395864371.2,78,15-05-2026
78,Xenova,"{'_id': '61b253b7ac5ecaae3d1efe0c', 'avatarUrl': 'https://cdn-avatars.huggingface.co/v1/production/uploads/61b253b7ac5ecaae3d1efe0c/hwiQ0uvz3t-L5a-NtBIO6.png', 'fullname': 'Joshua', 'name': 'Xenova', 'type': 'user', 'isPro': False, 'isHf': True, 'isHfAdmin': False, 'isMod': False, 'followerCount': 8001, 'isUserFollowing': False}",7,False,Xenova/bge-large-zh-noinstruct,[],2025-07-22T16:43:04.000Z,0,feature-extraction,False,model,False,,,1.3GBxet | 260MBxet | 650MBxet | 326MBxet | 279MBxet | 215MBxet | 327MBxet | 326MBxet,225443840.0,1395864371.2,79,15-05-2026
79,Xenova,"{'_id': '61b253b7ac5ecaae3d1efe0c', 'avatarUrl': 'https://cdn-avatars.huggingface.co/v1/production/uploads/61b253b7ac5ecaae3d1efe0c/hwiQ0uvz3t-L5a-NtBIO6.png', 'fullname': 'Joshua', 'name': 'Xenova', 'type': 'user', 'isPro': False, 'isHf': True, 'isHfAdmin': False, 'isMod': False, 'followerCount': 8001, 'isUserFollowing': False}",9,False,Xenova/ClinicalBERT,[],2025-07-22T16:43:07.000Z,4,feature-extraction,False,model,False,,,909MBxet | 446MBxet | 455MBxet | 228MBxet | 454MBxet | 261MBxet | 229MBxet | 228MBxet,239075328.0,953155584.0,80,15-05-2026
80,Xenova,"{'_id': '61b253b7ac5ecaae3d1efe0c', 'avatarUrl': 'https://cdn-avatars.huggingface.co/v1/production/uploads/61b253b7ac5ecaae3d1efe0c/hwiQ0uvz3t-L5a-NtBIO6.png', 'fullname': 'Joshua', 'name': 'Xenova', 'type': 'user', 'isPro': False, 'isHf': True, 'isHfAdmin': False, 'isMod': False, 'followerCount': 8001, 'isUserFollowing': False}",234,False,Xenova/LaBSE,[],2025-07-22T16:43:12.000Z,2,feature-extraction,False,model,False,,,1.88GBxet | 1.59GBxet | 941MBxet | 471MBxet | 1.59GBxet | 819MBxet | 472MBxet | 471MBxet,493879296.0,2018634629.12,81,15-05-2026
81,Xenova,"{'_id': '61b253b7ac5ecaae3d1efe0c', 'avatarUrl': 'https://cdn-avatars.huggingface.co/v1/production/uploads/61b253b7ac5ecaae3d1efe0c/hwiQ0uvz3t-L5a-NtBIO6.png', 'fullname': 'Joshua', 'name': 'Xenova', 'type': 'user', 'isPro': False, 'isHf': True, 'isHfAdmin': False, 'isMod': False, 'followerCount': 8001, 'isUserFollowing': False}",23,False,Xenova/wavlm-base,[],2024-10-08T13:41:18.000Z,0,feature-extraction,False,model,False,,,378MBxet | 189MBxet | 95.4MBxet,100034150.4,396361728.0,82,15-05-2026
82,Xenova,"{'_id': '61b253b7ac5ecaae3d1efe0c', 'avatarUrl': 'https://cdn-avatars.huggingface.co/v1/production/uploads/61b253b7ac5ecaae3d1efe0c/hwiQ0uvz3t-L5a-NtBIO6.png', 'fullname': 'Joshua', 'name': 'Xenova', 'type': 'user', 'isPro': False, 'isHf': True, 'isHfAdmin': False, 'isMod': False, 'followerCount': 8001, 'isUserFollowing': False}",19,False,Xenova/wavlm-base-plus,[],2024-10-08T13:41:19.000Z,0,feature-extraction,False,model,False,,,378MBxet | 189MBxet | 95.4MBxet,100034150.4,396361728.0,83,15-05-2026
83,Xenova,"{'_id': '61b253b7ac5ecaae3d1efe0c', 'avatarUrl': 'https://cdn-avatars.huggingface.co/v1/production/uploads/61b253b7ac5ecaae3d1efe0c/hwiQ0uvz3t-L5a-NtBIO6.png', 'fullname': 'Joshua', 'name': 'Xenova', 'type': 'user', 'isPro': False, 'isHf': True, 'isHfAdmin': False, 'isMod': False, 'followerCount': 8001, 'isUserFollowing': False}",10,False,Xenova/wavlm-large,[],2024-10-08T13:41:19.000Z,2,feature-extraction,False,model,False,,,1.26GBxet | 632MBxet | 318MBxet,333447168.0,1352914698.24,84,15-05-2026
84,Xenova,"{'_id': '61b253b7ac5ecaae3d1efe0c', 'avatarUrl': 'https://cdn-avatars.huggingface.co/v1/production/uploads/61b253b7ac5ecaae3d1efe0c/hwiQ0uvz3t-L5a-NtBIO6.png', 'fullname': 'Joshua', 'name': 'Xenova', 'type': 'user', 'isPro': False, 'isHf': True, 'isHfAdmin': False, 'isMod': False, 'followerCount': 8001, 'isUserFollowing': False}",13,False,Xenova/sentence-camembert-large,[],2025-07-22T16:44:42.000Z,0,feature-extraction,False,model,False,,,1.34GBxet | 305MBxet | 672MBxet | 337MBxet | 324MBxet | 238MBxet | 339MBxet | 337MBxet,249561088.0,1438814044.16,85,15-05-2026
85,Xenova,"{'_id': '61b253b7ac5ecaae3d1efe0c', 'avatarUrl': 'https://cdn-avatars.huggingface.co/v1/production/uploads/61b253b7ac5ecaae3d1efe0c/hwiQ0uvz3t-L5a-NtBIO6.png', 'fullname': 'Joshua', 'name': 'Xenova', 'type': 'user', 'isPro': False, 'isHf': True, 'isHfAdmin': False, 'isMod': False, 'followerCount': 8001, 'isUserFollowing': False}",9,False,Xenova/herbert-base-cased,[],2025-07-22T16:44:51.000Z,0,feature-extraction,False,model,False,,,496MBxet | 204MBxet | 248MBxet | 125MBxet | 209MBxet | 126MBxet | 125MBxet | 125MBxet,131072000.0,520093696.0,86,15-05-2026
86,Xenova,"{'_id': '61b253b7ac5ecaae3d1efe0c', 'avatarUrl': 'https://cdn-avatars.huggingface.co/v1/production/uploads/61b253b7ac5ecaae3d1efe0c/hwiQ0uvz3t-L5a-NtBIO6.png', 'fullname': 'Joshua', 'name': 'Xenova', 'type': 'user', 'isPro': False, 'isHf': True, 'isHfAdmin': False, 'isMod': False, 'followerCount': 8001, 'isUserFollowing': False}",9,False,Xenova/herbert-large-cased,[],2025-07-22T16:44:56.000Z,0,feature-extraction,False,model,False,,,1.42GBxet | 379MBxet | 709MBxet | 356MBxet | 398MBxet | 275MBxet | 357MBxet | 356MBxet,288358400.0,1524713390.08,87,15-05-2026
87,Xenova,"{'_id': '61b253b7ac5ecaae3d1efe0c', 'avatarUrl': 'https://cdn-avatars.huggingface.co/v1/production/uploads/61b253b7ac5ecaae3d1efe0c/hwiQ0uvz3t-L5a-NtBIO6.png', 'fullname': 'Joshua', 'name': 'Xenova', 'type': 'user', 'isPro': False, 'isHf': True, 'isHfAdmin': False, 'isMod': False, 'followerCount': 8001, 'isUserFollowing': False}",13701,False,Xenova/bge-large-en-v1.5,[],2025-07-22T16:45:26.000Z,5,feature-extraction,False,model,False,,,1.34GBxet | 299MBxet | 669MBxet | 336MBxet | 318MBxet | 235MBxet | 337MBxet | 336MBxet,246415360.0,1438814044.16,88,15-05-2026
88,Xenova,"{'_id': '61b253b7ac5ecaae3d1efe0c', 'avatarUrl': 'https://cdn-avatars.huggingface.co/v1/production/uploads/61b253b7ac5ecaae3d1efe0c/hwiQ0uvz3t-L5a-NtBIO6.png', 'fullname': 'Joshua', 'name': 'Xenova', 'type': 'user', 'isPro': False, 'isHf': True, 'isHfAdmin': False, 'isMod': False, 'followerCount': 8001, 'isUserFollowing': False}",1640364,False,Xenova/bge-base-en-v1.5,[],2025-07-29T21:44:26.000Z,9,feature-extraction,False,model,False,,,436MBxet | 144MBxet | 218MBxet | 110MBxet | 149MBxet | 96MBxet | 110MBxet | 110MBxet,100663296.0,457179136.0,89,15-05-2026
89,Xenova,"{'_id': '61b253b7ac5ecaae3d1efe0c', 'avatarUrl': 'https://cdn-avatars.huggingface.co/v1/production/uploads/61b253b7ac5ecaae3d1efe0c/hwiQ0uvz3t-L5a-NtBIO6.png', 'fullname': 'Joshua', 'name': 'Xenova', 'type': 'user', 'isPro': False, 'isHf': True, 'isHfAdmin': False, 'isMod': False, 'followerCount': 8001, 'isUserFollowing': False}",429347,False,Xenova/bge-small-en-v1.5,[],2025-07-22T16:45:37.000Z,15,feature-extraction,False,model,False,,,133MBxet | 60.1MBxet | 66.7MBxet | 33.8MBxet | 61.5MBxet | 36.2MBxet | 34MBxet | 33.8MBxet,35441868.8,139460608.0,90,15-05-2026
90,Xenova,"{'_id': '61b253b7ac5ecaae3d1efe0c', 'avatarUrl': 'https://cdn-avatars.huggingface.co/v1/production/uploads/61b253b7ac5ecaae3d1efe0c/hwiQ0uvz3t-L5a-NtBIO6.png', 'fullname': 'Joshua', 'name': 'Xenova', 'type': 'user', 'isPro': False, 'isHf': True, 'isHfAdmin': False, 'isMod': False, 'followerCount': 8001, 'isUserFollowing': False}",359,False,Xenova/bge-large-zh-v1.5,[],2025-07-22T16:45:48.000Z,7,feature-extraction,False,model,False,,,1.3GBxet | 260MBxet | 650MBxet | 326MBxet | 279MBxet | 215MBxet | 327MBxet | 326MBxet,225443840.0,1395864371.2,91,15-05-2026
91,Xenova,"{'_id': '61b253b7ac5ecaae3d1efe0c', 'avatarUrl': 'https://cdn-avatars.huggingface.co/v1/production/uploads/61b253b7ac5ecaae3d1efe0c/hwiQ0uvz3t-L5a-NtBIO6.png', 'fullname': 'Joshua', 'name': 'Xenova', 'type': 'user', 'isPro': False, 'isHf': True, 'isHfAdmin': False, 'isMod': False, 'followerCount': 8001, 'isUserFollowing': False}",372,False,Xenova/bge-base-zh-v1.5,[],2025-07-22T16:45:52.000Z,3,feature-extraction,False,model,False,,,407MBxet | 115MBxet | 204MBxet | 102MBxet | 120MBxet | 81.5MBxet | 103MBxet | 102MBxet,85458944.0,426770432.0,92,15-05-2026
92,Xenova,"{'_id': '61b253b7ac5ecaae3d1efe0c', 'avatarUrl': 'https://cdn-avatars.huggingface.co/v1/production/uploads/61b253b7ac5ecaae3d1efe0c/hwiQ0uvz3t-L5a-NtBIO6.png', 'fullname': 'Joshua', 'name': 'Xenova', 'type': 'user', 'isPro': False, 'isHf': True, 'isHfAdmin': False, 'isMod': False, 'followerCount': 8001, 'isUserFollowing': False}",11980,False,Xenova/bge-small-zh-v1.5,[],2025-07-22T16:45:56.000Z,4,feature-extraction,False,model,False,,,94.9MBxet | 51.6MBxet | 47.5MBxet | 23.9MBxet | 52.4MBxet | 29.4MBxet | 24MBxet | 23.9MBxet,25060966.4,99509862.4,93,15-05-2026
93,leolee9086,"{'_id': '645665aa95082f722d15bfe3', 'avatarUrl': '/avatars/17824253cbfc896d18ec000218de9a22.svg', 'fullname': 'liyuzhang', 'name': 'leolee9086', 'type': 'user', 'isPro': False, 'isHf': False, 'isHfAdmin': False, 'isMod': False, 'isUserFollowing': False}",12,False,leolee9086/text2vec-base-chinese,[],2023-09-19T17:29:13.000Z,0,feature-extraction,False,model,False,,,103MBxet,108003328.0,108003328.0,94,15-05-2026
94,Xenova,"{'_id': '61b253b7ac5ecaae3d1efe0c', 'avatarUrl': 'https://cdn-avatars.huggingface.co/v1/production/uploads/61b253b7ac5ecaae3d1efe0c/hwiQ0uvz3t-L5a-NtBIO6.png', 'fullname': 'Joshua', 'name': 'Xenova', 'type': 'user', 'isPro': False, 'isHf': True, 'isHfAdmin': False, 'isMod': False, 'followerCount': 8001, 'isUserFollowing': False}",7,False,Xenova/long-t5-encodec-tglobal-base,[],2024-10-08T13:42:38.000Z,0,feature-extraction,False,model,False,,,922MBxet | 463MBxet | 291MBxet,305135616.0,966787072.0,95,15-05-2026
95,Xenova,"{'_id': '61b253b7ac5ecaae3d1efe0c', 'avatarUrl': 'https://cdn-avatars.huggingface.co/v1/production/uploads/61b253b7ac5ecaae3d1efe0c/hwiQ0uvz3t-L5a-NtBIO6.png', 'fullname': 'Joshua', 'name': 'Xenova', 'type': 'user', 'isPro': False, 'isHf': True, 'isHfAdmin': False, 'isMod': False, 'followerCount': 8001, 'isUserFollowing': False}",45808,False,Xenova/jina-embeddings-v2-small-en,[],2025-04-24T18:58:23.000Z,1,feature-extraction,False,model,False,,,130MBxet | 72.1MBxet | 65MBxet | 32.6MBxet | 73.2MBxet | 40.8MBxet | 32.8MBxet | 32.6MBxet,34183577.6,136314880.0,96,15-05-2026
96,do-me,"{'_id': '64c4da8719565937fb268b32', 'avatarUrl': 'https://cdn-avatars.huggingface.co/v1/production/uploads/noauth/IiercF_qxHWize2kitl9X.jpeg', 'fullname': 'Dominik Weckmüller', 'name': 'do-me', 'type': 'user', 'isPro': False, 'isHf': False, 'isHfAdmin': False, 'isMod': False, 'followerCount': 53, 'isUserFollowing': False}",14,False,do-me/jina-embeddings-v2-base-en,[],2023-10-29T16:31:39.000Z,0,feature-extraction,False,model,False,,,547MBxet,573571072.0,573571072.0,97,15-05-2026
97,do-me,"{'_id': '64c4da8719565937fb268b32', 'avatarUrl': 'https://cdn-avatars.huggingface.co/v1/production/uploads/noauth/IiercF_qxHWize2kitl9X.jpeg', 'fullname': 'Dominik Weckmüller', 'name': 'do-me', 'type': 'user', 'isPro': False, 'isHf': False, 'isHfAdmin': False, 'isMod': False, 'followerCount': 53, 'isUserFollowing': False}",8,False,do-me/jina-embeddings-v2-small-en,[],2023-10-27T21:44:50.000Z,0,feature-extraction,False,model,False,,,130MBxet,136314880.0,136314880.0,98,15-05-2026
98,ProsESportu,"{'_id': '63f9288a1ed25bd00c39b51c', 'avatarUrl': '/avatars/7807276afdbbb6321d7a108a00879b9e.svg', 'fullname': 'Tomasz Hajduga', 'name': 'ProsESportu', 'type': 'user', 'isPro': False, 'isHf': False, 'isHfAdmin': False, 'isMod': False, 'isUserFollowing': False}",5,False,ProsESportu/mpweb,[],2023-11-22T17:52:21.000Z,0,feature-extraction,False,model,False,,,436MBxet,457179136.0,457179136.0,99,15-05-2026
99,Xenova,"{'_id': '61b253b7ac5ecaae3d1efe0c', 'avatarUrl': 'https://cdn-avatars.huggingface.co/v1/production/uploads/61b253b7ac5ecaae3d1efe0c/hwiQ0uvz3t-L5a-NtBIO6.png', 'fullname': 'Joshua', 'name': 'Xenova', 'type': 'user', 'isPro': False, 'isHf': True, 'isHfAdmin': False, 'isMod': False, 'followerCount': 8001, 'isUserFollowing': False}",271,False,Xenova/text2vec-base-chinese-sentence,[],2025-07-22T16:57:59.000Z,0,feature-extraction,False,model,False,,,470MBxet | 178MBxet | 235MBxet | 119MBxet | 183MBxet | 113MBxet | 119MBxet | 119MBxet,118489088.0,492830720.0,100,15-05-2026
